{
  "meta": {
    "reference_image": "1.webp",
    "reference_size_px": [
      203,
      438
    ],
    "reference_aspect": 0.4634703196347032,
    "selection_scale": 3,
    "fields": [
      "name",
      "power_cp",
      "kills",
      "alliance",
      "state"
    ],
    "note": "Boxes are stored as ratios: [x1_ratio, y1_ratio, x2_ratio, y2_ratio]."
  },
  "template_ratios": {
    "name": [
      0.32676518883415434,
      0.4923896499238965,
      0.8735632183908046,
      0.528158295281583
    ],
    "power_cp": [
      0.3103448275862069,
      0.5844748858447488,
      0.8669950738916257,
      0.6301369863013698
    ],
    "kills": [
      0.3530377668308703,
      0.6438356164383562,
      0.8669950738916257,
      0.6910197869101978
    ],
    "alliance": [
      0.44170771756978655,
      0.7054794520547946,
      0.8637110016420362,
      0.7503805175038052
    ],
    "state": [
      0.5073891625615764,
      0.7579908675799086,
      0.8669950738916257,
      0.8051750380517504
    ]
  }
}