{
  "meta": {
    "template_images": [
      "1.webp",
      "10.webp",
      "11.webp",
      "12.webp",
      "13.webp",
      "14.png",
      "2.webp"
    ],
    "template_count": 7,
    "reference_image": "1.webp",
    "reference_size_px": [
      203,
      438
    ],
    "reference_aspect": 0.4634703196347032,
    "selection_scale": 3,
    "aggregation_method": "median",
    "ocr_fields": [
      "likes",
      "vip",
      "name",
      "cp",
      "kills",
      "alliance",
      "server"
    ],
    "verify_fields": [
      "account_btn",
      "settings_btn"
    ],
    "all_fields": [
      "likes",
      "vip",
      "name",
      "cp",
      "kills",
      "alliance",
      "server",
      "account_btn",
      "settings_btn"
    ],
    "note": "Boxes are stored as ratios: [x1_ratio, y1_ratio, x2_ratio, y2_ratio]. template_ratios are the FINAL median boxes your OCR runner should use. per_image_ratios are saved for debugging and tuning."
  },
  "template_ratios": {
    "likes": [
      0.41204819277108434,
      0.3127853881278539,
      0.5613168724279836,
      0.3411197626992955
    ],
    "vip": [
      0.4658119658119658,
      0.39525398591027067,
      0.5267806267806268,
      0.4337899543378995
    ],
    "name": [
      0.32338308457711445,
      0.4898034853540971,
      0.7469879518072289,
      0.528158295281583
    ],
    "cp": [
      0.3389558232931727,
      0.5832406377456433,
      0.870940170940171,
      0.6301369863013698
    ],
    "kills": [
      0.4242165242165242,
      0.6419167983149026,
      0.864957264957265,
      0.685576566555432
    ],
    "alliance": [
      0.39487179487179486,
      0.6993911719939118,
      0.8675213675213675,
      0.7439441811479727
    ],
    "server": [
      0.6716417910447762,
      0.758751902587519,
      0.8686371100164204,
      0.8045977011494253
    ],
    "account_btn": [
      0.38765432098765434,
      0.91324200913242,
      0.5695473251028806,
      1.0
    ],
    "settings_btn": [
      0.5839357429718876,
      0.9123222748815166,
      0.7622489959839357,
      1.0
    ]
  },
  "per_image_ratios": {
    "likes": {
      "1.webp": [
        0.41050903119868637,
        0.3143074581430746,
        0.535303776683087,
        0.3401826484018265
      ],
      "10.webp": [
        0.4082304526748971,
        0.30515387467556543,
        0.5613168724279836,
        0.3325917686318131
      ],
      "11.webp": [
        0.41127694859038144,
        0.3127853881278539,
        0.5621890547263682,
        0.3432267884322679
      ],
      "12.webp": [
        0.41365461847389556,
        0.3103448275862069,
        0.5654618473895582,
        0.3422321097515758
      ],
      "13.webp": [
        0.41204819277108434,
        0.3092324805339266,
        0.5630522088353414,
        0.3411197626992955
      ],
      "14.png": [
        0.41253561253561255,
        0.31990521327014215,
        0.5541310541310541,
        0.3389942074776198
      ],
      "2.webp": [
        0.4129353233830846,
        0.3295281582952816,
        0.5522388059701493,
        0.3538812785388128
      ]
    },
    "vip": {
      "1.webp": [
        0.47783251231527096,
        0.4003044140030441,
        0.5188834154351396,
        0.4360730593607306
      ],
      "10.webp": [
        0.4707818930041152,
        0.3804226918798665,
        0.5251028806584362,
        0.4271412680756396
      ],
      "11.webp": [
        0.4693200663349917,
        0.3911719939117199,
        0.5257048092868989,
        0.4337899543378995
      ],
      "12.webp": [
        0.46184738955823296,
        0.39525398591027067,
        0.5341365461847389,
        0.43159065628476084
      ],
      "13.webp": [
        0.4642570281124498,
        0.39414163885799036,
        0.5341365461847389,
        0.43159065628476084
      ],
      "14.png": [
        0.4658119658119658,
        0.3963928383359663,
        0.5267806267806268,
        0.4347024749868352
      ],
      "2.webp": [
        0.4593698175787728,
        0.410958904109589,
        0.5323383084577115,
        0.4497716894977169
      ]
    },
    "name": {
      "1.webp": [
        0.3251231527093596,
        0.4931506849315068,
        0.8045977011494253,
        0.532724505327245
      ],
      "10.webp": [
        0.3201646090534979,
        0.4783092324805339,
        0.7382716049382716,
        0.5187245087133853
      ],
      "11.webp": [
        0.32338308457711445,
        0.487062404870624,
        0.7048092868988391,
        0.528158295281583
      ],
      "12.webp": [
        0.3140562248995984,
        0.4898034853540971,
        0.7469879518072289,
        0.5239154616240267
      ],
      "13.webp": [
        0.3253012048192771,
        0.4868372265480163,
        0.7477911646586345,
        0.5272525027808677
      ],
      "14.png": [
        0.32592592592592595,
        0.491969457609268,
        0.6965811965811965,
        0.531332280147446
      ],
      "2.webp": [
        0.32338308457711445,
        0.5060882800608828,
        0.8192371475953566,
        0.5380517503805176
      ]
    },
    "cp": {
      "1.webp": [
        0.38752052545155996,
        0.5844748858447488,
        0.8702791461412152,
        0.6301369863013698
      ],
      "10.webp": [
        0.3728395061728395,
        0.5739710789766407,
        0.8716049382716049,
        0.6184649610678532
      ],
      "11.webp": [
        0.33167495854063017,
        0.5821917808219178,
        0.8756218905472637,
        0.6248097412480974
      ],
      "12.webp": [
        0.37349397590361444,
        0.5832406377456433,
        0.8706827309236947,
        0.6269929551353356
      ],
      "13.webp": [
        0.3389558232931727,
        0.5780496848350019,
        0.8666666666666667,
        0.6303299962921765
      ],
      "14.png": [
        0.3316239316239316,
        0.5855713533438652,
        0.870940170940171,
        0.6302001053185887
      ],
      "2.webp": [
        0.3383084577114428,
        0.5951293759512938,
        0.8723051409618574,
        0.6331811263318112
      ]
    },
    "kills": {
      "1.webp": [
        0.4318555008210181,
        0.6430745814307458,
        0.8653530377668309,
        0.6910197869101978
      ],
      "10.webp": [
        0.38189300411522636,
        0.6310715609936967,
        0.8699588477366255,
        0.6781609195402298
      ],
      "11.webp": [
        0.41127694859038144,
        0.6415525114155252,
        0.8640132669983416,
        0.6841704718417048
      ],
      "12.webp": [
        0.41044176706827307,
        0.64293659621802,
        0.8658634538152611,
        0.6844642195031516
      ],
      "13.webp": [
        0.42891566265060244,
        0.6407119021134594,
        0.8626506024096385,
        0.685576566555432
      ],
      "14.png": [
        0.4242165242165242,
        0.6419167983149026,
        0.864957264957265,
        0.6928646656134808
      ],
      "2.webp": [
        0.43283582089552236,
        0.6514459665144596,
        0.8640132669983416,
        0.6971080669710806
      ]
    },
    "alliance": {
      "1.webp": [
        0.4154351395730706,
        0.6993911719939118,
        0.8653530377668309,
        0.7488584474885844
      ],
      "10.webp": [
        0.388477366255144,
        0.685576566555432,
        0.8674897119341564,
        0.7352614015572859
      ],
      "11.webp": [
        0.3864013266998342,
        0.6940639269406392,
        0.8723051409618574,
        0.7382039573820396
      ],
      "12.webp": [
        0.39518072289156625,
        0.7004078605858362,
        0.8698795180722891,
        0.7471264367816092
      ],
      "13.webp": [
        0.39036144578313253,
        0.6981831664812755,
        0.8658634538152611,
        0.7437893956247683
      ],
      "14.png": [
        0.39487179487179486,
        0.7045813586097947,
        0.8675213675213675,
        0.7439441811479727
      ],